Week,Fecha Act,SumaDeBEGINNER NAV,SumaDeCLOSE TRADE,SumaDeNET LIQUID VALUE,SumaDeLIQUIDACION,SumaDeCASH NAV,SumaDeOPEN CASH FLOW,SumaDeFREE CASH,SumaDeTRADING,Fondo,CloseTrade_BRUTO
Week Sept 5 to 9,2022-09-09,120000.0,0.0,120000.0,0.0,120000.0,0.0,120000.0,0.0,ESP,
Week Sept 12 to 16,2022-09-15,177000.0,0.0,177000.0,0.0,177000.0,0.0,177000.0,0.0,ESP,
Week Sept 19 to 23,2022-09-23,217000.0,0.0,217000.0,0.0,217000.0,0.0,217000.0,0.0,ESP,
Week Sept 26 to 30,2022-09-30,307000.0,0.0,307000.0,555.0,314386.0,7386.0,105040.0,201960.0,ESP,
Week Oct 3 to 7,2022-10-07,317000.0,0.0,317000.0,555.0,324386.0,7386.0,115040.0,201960.0,ESP,
Week Oct 10 a 14,2022-10-14,415000.0,0.0,415000.0,555.0,422386.0,7386.0,213040.0,201960.0,ESP,
Week Oct 17 to 21,2022-10-21,455000.0,0.0,455000.0,6000.0,462386.0,7386.0,253040.0,201960.0,ESP,
Week Oct 24 to 28,2022-10-28,598000.0,7386.0,605386.0,0.0,605386.0,,605386.0,0.0,ESP,
Week Oct 31 to 4,2022-11-04,698500.0,7386.0,705886.0,0.0,705886.0,,705886.0,0.0,ESP,
Week Nov 7 to 11,2022-11-10,737500.0,7386.0,744886.0,59090.0,803976.0,59090.0,29796.0,715090.0,ESP,
Week Nov 14 to 18,2022-11-18,747500.0,7386.0,754886.0,59090.0,813976.0,59090.0,39796.0,715090.0,ESP,
Week Nov 21 to 25,2022-11-25,759500.0,7386.0,766886.0,73196.0,840082.0,73196.0,51796.0,715090.0,ESP,
Week Nov 28 to 2,2022-12-02,759500.0,7386.0,766886.0,73196.0,840082.0,73196.0,51796.0,715090.0,ESP,
Week Dec 5 to 9,2022-12-09,789500.0,7386.0,796886.0,73196.0,870082.0,73196.0,81796.0,715090.0,ESP,
Week Dec 12 to 16,2022-12-16,871500.0,80582.0,959468.0,0.0,959468.0,0.0,959468.0,0.0,ESP,
Week Dec 19 to 23,2022-12-21,881500.0,80582.0,969468.0,0.0,969468.0,0.0,969468.0,0.0,ESP,
Week Dec 26 to 30,2022-12-29,993550.0,80582.0,1081518.0,0.0,1081518.0,0.0,1081518.0,0.0,ESP,
Week Jan 2 to 6,2023-01-05,1063550.0,80582.0,1151518.0,0.0,1151518.0,0.0,1151518.0,0.0,ESP,
Week Jan 9 to 13,2023-01-12,1063550.0,80582.0,1151518.0,0.0,1151518.0,0.0,1151518.0,0.0,ESP,
Week Jan 16 to 20,2023-01-20,1156050.0,80582.0,1244018.0,0.0,1244018.0,0.0,1244018.0,0.0,ESP,
Week Jan 23 to 27,2023-01-26,1201050.0,80582.0,1289018.0,0.0,1289018.0,0.0,1289018.0,0.0,ESP,
Week Jan 30 to 3,2023-02-03,1257050.0,80582.0,1345018.0,0.0,1345018.0,0.0,1345018.0,0.0,ESP,
Week Feb 6 to 10,2023-02-09,1287050.0,80582.0,1375018.0,0.0,1375018.0,0.0,1375018.0,0.0,ESP,
Week Feb 13 to 17,2023-02-17,1297050.0,80582.0,1385018.0,0.0,1385018.0,0.0,1385018.0,0.0,ESP,
Week Feb 20 to 24,2023-02-24,1297050.0,80582.0,1381018.0,0.0,1381018.0,0.0,1381018.0,0.0,ESP,
Week Feb 27 to 3,2023-03-03,1297050.0,80582.0,1365018.0,0.0,1365018.0,0.0,1365018.0,0.0,ESP,
Week Mar 6 to 10,2023-03-10,1302050.0,80582.0,1367018.0,0.0,1367018.0,0.0,1367018.0,0.0,ESP,
Week Mar 13 to 17,2023-03-17,1302050.0,80582.0,1367018.0,0.0,1410678.0,43660.0,967726.0,399292.0,ESP,
Week Mar 20 to 24,2023-03-20,1302050.0,80582.0,1367018.0,0.0,1410678.0,43660.0,967726.0,399292.0,ESP,
Week Mar 27 to 31,2023-03-31,1473550.0,80582.0,1538518.0,0.0,1591058.0,52540.0,1029688.0,508830.0,ESP,
Week Apr 3 to 7,2023-04-03,1473550.0,80582.0,1538518.0,0.0,1591058.0,52540.0,1029688.0,508830.0,ESP,
Week Apr 10 to 14,2023-04-11,1473550.0,80582.0,1538518.0,0.0,1591058.0,52540.0,1029688.0,508830.0,ESP,
Week Apr 17 to 21,2023-04-18,1473550.0,80582.0,1538518.0,0.0,1591058.0,52540.0,1029688.0,508830.0,ESP,
Week Apr 24 to 28,2023-04-25,1599550.0,80582.0,1664518.0,0.0,1717058.0,52540.0,1155688.0,508830.0,ESP,
Week May 1 to 5,2023-05-04,1749089.0,80582.0,1797057.0,0.0,1853858.0,56801.0,1252757.0,544300.0,ESP,
Week May 8 to 12,2023-05-12,1758469.0,80582.0,1802437.0,0.0,1859238.0,56801.0,1258137.0,544300.0,ESP,
Week May 15 to 19,2023-05-19,1768469.0,80582.0,1812437.0,4336.0,1879824.0,67387.0,642436.0,1170001.0,ESP,
Week May 22 to 26,2023-05-24,1768469.0,86823.0,1808178.0,1298.0,1878746.0,70559.0,638177.0,1170001.0,ESP,
Week May 29 to 2,2023-06-01,1768469.0,88335.0,1809690.0,2115.0,1886372.0,76673.0,511879.0,1297811.0,ESP,
Week Jun 5 to 9,2023-06-09,1768469.0,92562.0,1813917.0,2485.0,1891982.0,78056.0,254806.0,1559111.0,ESP,
Week Jun 12 to 16,2023-06-16,1818969.0,97541.0,1878596.0,0.0,1956661.0,78056.0,449395.0,1429197.0,ESP,
Week Jun 19 to 23,2023-06-23,1844969.0,113564.0,1920619.0,17766.0,2051329.0,130701.0,409516.0,1511099.0,ESP,
Week Jun 26 to 30,2023-06-30,1844969.0,120272.0,1927327.0,0.0,2058037.0,130701.0,416224.0,1511099.0,ESP,
Week Jul 3 to 7,2023-07-07,1844969.0,123512.0,1930567.0,628.0,2062939.0,132363.0,76525.0,1854038.0,ESP,
Week Jul 10 to 14,2023-07-14,1844969.0,131966.0,1939021.0,3461.0,2071393.0,132363.0,84979.0,1854038.0,ESP,
Week Jul 17 to 21,2023-07-20,1844969.0,131966.0,1939021.0,3461.0,2071393.0,132363.0,84979.0,1854038.0,ESP,
Week Jul 24 to 28,2023-07-28,1850552.0,131966.0,1944604.0,3461.0,2076976.0,132363.0,90562.0,1858038.0,ESP,
Week Jul 31 to 4,2023-07-28,1850552.0,131966.0,1944604.0,3461.0,2076976.0,132363.0,90562.0,1858038.0,ESP,
Week Agu 7 to 11,2023-08-09,1905552.0,155785.0,2023423.0,9765.0,2155795.0,132363.0,169381.0,1858038.0,ESP,
Week Agu 14 to 18,2023-08-17,1942014.0,137953.0,1949816.0,9375.0,2073237.0,123412.0,200444.0,1753369.0,ESP,
Week Agu 21 to 25,2023-08-17,1942014.0,137953.0,1949816.0,9375.0,2073237.0,123412.0,200444.0,1753369.0,ESP,
Week Agu 28 to 1,2023-08-31,1977014.0,137953.0,1984816.0,9375.0,2108237.0,123412.0,235444.0,1753369.0,ESP,
Week Sep 4 to 8,2023-09-08,1977014.0,137953.0,1984816.0,0.0,2141922.0,157097.0,563668.0,1425145.0,ESP,
Week Sep 11 to 15,2023-09-14,2072014.0,137953.0,2079816.0,0.0,2205891.0,159419.0,633797.0,1450016.0,ESP,
Week Sep 18 to 22,2023-09-21,2122014.0,190801.0,2182664.0,0.0,2255891.0,106571.0,1361469.0,825192.0,ESP,
Week Sep 25 to 29,2023-09-27,2153064.0,190801.0,2213714.0,0.0,2286941.0,106571.0,1392519.0,825192.0,ESP,
Week Oct 2 to 6,2023-10-03,2353064.0,187903.0,2364667.0,0.0,2472041.0,107365.0,1532339.0,836325.0,ESP,
Week Oct 9 to 13,2023-10-11,2383064.0,187903.0,2384667.0,0.0,2492041.0,107365.0,1552339.0,836325.0,ESP,
Week Oct 16 to 20,2023-10-16,2402064.0,187903.0,2403667.0,0.0,2511041.0,107365.0,1571339.0,836325.0,ESP,
Week Oct 23 to 27,2023-10-19,2502064.0,187903.0,2498667.0,0.0,2498667.0,107365.0,1666339.0,836325.0,ESP,
Week Oct 30 to 3,2023-10-19,2502064.0,187903.0,2498667.0,0.0,2498667.0,107365.0,1666339.0,836325.0,ESP,
Week Nov 6 to 10,2023-11-09,2512064.0,256371.0,2562135.0,0.0,2621885.0,59741.0,1936991.0,629144.0,ESP,
Week Nov 13 to 17,2023-11-09,2512064.0,256371.0,2562135.0,0.0,2621885.0,59741.0,1936991.0,629144.0,ESP,
Week Nov 20 to 24,2023-11-21,2702064.0,263246.0,2851571.0,0.0,3022124.0,170544.0,731002.0,2124569.0,ESP,
Week Nov 27 to 1,2023-11-27,2712064.0,263246.0,2859071.0,0.0,3038131.0,179051.0,602984.0,2260087.0,ESP,
Week Dec 4 to 8,2023-12-07,2712064.0,295075.0,2888900.0,0.0,3036131.0,147222.0,1094773.0,1798126.0,ESP,
Week Dec 11 to 15,2023-12-15,2718846.0,295075.0,2895682.0,0.0,3043003.0,147222.0,1101645.0,1798126.0,ESP,
Week Dec 18 to 22,2023-12-22,2718846.0,322878.0,2909876.0,0.0,3057197.0,147222.0,1115839.0,1798126.0,ESP,
Week Dec 25 to 29,2023-12-29,2718846.0,322878.0,2901551.0,0.0,3048872.0,147222.0,1107514.0,1798126.0,ESP,
Week Jan 1 to 5,2024-01-05,2782346.0,352878.0,2965051.0,0.0,3112372.0,147222.0,1171014.0,1798126.0,ESP,
Week Jan 8 to 12,2024-01-11,2782346.0,336182.0,2978355.0,0.0,3163085.0,184624.0,1184318.0,1798126.0,ESP,
Week Jan 15 to 19,2024-01-19,2817346.0,336182.0,3011855.0,0.0,3196585.0,184624.0,1217818.0,1798126.0,ESP,
Week Jan 22 to 26,2024-01-25,2817346.0,334532.0,3000205.0,0.0,3184175.0,183865.0,1227427.0,1789277.0,ESP,
Week Jan 29 to 2,2024-01-30,2847346.0,379732.0,3052177.0,0.0,3190947.0,138665.0,1279399.0,1359380.0,ESP,
Week Jan 29 to 2,2024-02-01,2817346.0,363670.807743073,2957115.79980469,0.0,3344709.85253906,387493.045959473,1249290.00439453,1707825.80322266,ESP,
Week Feb 5 to 9,2024-02-09,3104846.0,363913.802112579,3234958.79394531,0.0,3624250.82714844,389191.026428223,1510932.99853516,1724025.80322266,ESP,
Week Feb 12 to 16,2024-02-16,3187846.0,363913.802112579,3303095.26074219,0.0,3692386.32714844,389191.026428223,1575934.34521484,1724025.80322266,ESP,
Week Feb 19 to 23,2024-02-21,3187846.0,363913.802112579,3281095.26074219,0.0,3670386.32714844,389191.026428223,1553934.34521484,1724025.80322266,ESP,
Week Feb 26 to 1,2024-03-01,3241652.0,362978.802112579,3323965.80761719,0.0,3712003.31152344,387938.026428223,1602130.88623047,1718699.80322266,ESP,
Week Mar 4 to 8,2024-03-08,3249152.0,362978.802112579,3326616.18847656,0.0,3714652.95800781,387938.026428223,1604781.26611328,1718699.80322266,ESP,
Week Mar 11 to 15,2024-03-14,3388752.0,362978.802112579,3466216.18847656,0.0,3854252.95800781,387938.026428223,1744381.26611328,1718699.80322266,ESP,
Week Mar 18 to 22,2024-03-22,3407930.0,417082.0,3528720.0,0.0,4132667.0,603947.0,1388514.0,2140206.0,ESP,
Week Mar 25 to 29,2024-03-28,3457930.0,417082.0,3576720.0,0.0,4200886.0,672166.0,728375.0,2848345.0,ESP,
Week Apr 1 to 5,2024-04-05,3496930.0,417082.0,3615720.0,0.0,4287886.0,672166.0,767375.0,2848345.0,ESP,
Week Apr 8 to 12,2024-04-12,3657894.0,417082.0,3776684.0,0.0,4448850.0,672166.0,928339.0,2848345.0,ESP,
Week Apr 15 to 19,2024-04-19,3671394.0,417082.0,3790184.0,0.0,4462350.0,672166.0,941839.0,2848345.0,ESP,
Week Apr 22 to 26,2024-04-26,3671394.0,403145.0,3706247.0,0.0,4356551.0,650304.0,912779.0,2793468.0,ESP,
Week Apr 29 to 3,2024-05-03,3671394.0,403145.0,3704247.0,0.0,4354551.0,650304.0,910779.0,2793468.0,ESP,
Week May 6 to 10,2024-05-10,3671394.0,403145.0,3674247.0,0.0,4324551.0,650304.0,880779.0,2793468.0,ESP,
Week May 13 to 17,2024-05-17,3723394.0,403145.0,3723747.0,0.0,4374051.0,650304.0,930279.0,2793468.0,ESP,
Week May 20 to 24,2024-05-24,3723394.0,442474.0,3832930.0,0.0,4819701.0,986771.0,818285.0,3014644.0,ESP,
Week May 27 to 31,2024-05-31,3723394.0,442474.0,3832930.0,0.0,4911708.0,1078778.0,1023554.0,2809375.0,ESP,
Week Jun 3 to 7,2024-06-07,3723394.0,442474.0,3831660.0,0.0,5029486.0,1197826.0,479532.0,3352127.0,ESP,
Week Jun 10 to 15,2024-06-17,3723394.0,442474.0,3828660.0,0.0,5026486.0,1197826.0,476532.0,3352127.0,ESP,
Week Jun 17 to 21,2024-06-21,3723394.0,442474.0,3828660.0,0.0,5023590.0,1194930.0,486311.0,3342348.0,ESP,
Week Jun 24 to 28,2024-06-28,3723394.0,465726.0,3831307.0,0.0,5029160.0,1197853.0,488958.0,3342348.0,ESP,
Week Jul 1 to 5,2024-07-05,3759894.0,465726.0,3867807.0,0.0,5065660.0,1197853.0,525458.0,3342348.0,ESP,
Week Jul 8 to 12,2024-07-11,3845587.0,465726.0,3952411.0,0.0,5268711.0,1316300.0,610062.0,3342348.0,ESP,
Week Jul 15 to 19,2024-07-19,4056087.0,465726.0,4161411.0,0.0,5477711.0,1316300.0,819062.0,3342348.0,ESP,
Week Jul 22 to 26,2024-07-26,4109887.0,465726.0,4215211.0,0.0,5531511.0,1316300.0,872862.0,3342348.0,ESP,
Week Jul 29 to 2,2024-08-01,4116487.0,465726.0,4217511.0,0.0,5533811.0,1316300.0,875162.0,3342348.0,ESP,
Week Aug 5 to 9,2024-08-07,4116487.0,465726.0,4212245.0,0.0,5528545.0,1316300.0,869896.0,3342348.0,ESP,
Week Aug 12 to 16,2024-08-14,4436580.0,465726.0,4534568.0,0.0,5847468.0,1316300.0,1188819.0,3342348.0,ESP,
Week Aug 19 to 23,2024-08-22,4451384.0,465751.0,4394417.0,0.0,5683557.0,1289140.0,753716.0,3637299.0,ESP,
Week Aug 26 to 30,2024-08-29,4453191.0,465751.0,4396224.0,0.0,5685364.0,1289140.0,755523.0,3637299.0,ESP,
Week Sep 2 to 6,2024-09-06,4463191.0,465751.0,4406224.0,0.0,5695364.0,1289140.0,765523.0,3637299.0,ESP,
Week Sep 9 to 13,2024-09-13,4374808.0,426666.0,4566619.0,0.0,5855759.0,1289140.0,925918.0,3637299.0,ESP,
Week Sep 16 to 20,2024-09-20,4635808.0,426666.0,4827619.0,0.0,6116759.0,1289140.0,1186918.0,3637299.0,ESP,
Week Sep 23 to 27,2024-09-26,4687311.0,426666.0,4874122.0,0.0,6163262.0,1289140.0,1233421.0,3637299.0,ESP,
Week Sep 30 to 4,2024-10-04,4942439.0,426666.0,5129250.0,0.0,6418390.0,1289140.0,1488549.0,3637299.0,ESP,
Week Oct 7 to 11,2024-10-10,5589439.0,426666.0,5776250.0,0.0,7065390.0,1289140.0,2135549.0,3637299.0,ESP,
Week Oct 14 to 18,2024-10-17,5831439.0,424947.0,6029531.0,0.0,7317600.0,1288069.0,2392081.0,3634048.0,ESP,
Week Oct 21 to 25,2024-10-22,6044939.0,424947.0,6223031.0,0.0,7610453.0,1387422.0,1314370.0,4905259.0,ESP,
Week Oct 21 to 25,2024-10-25,6183112.0,424947.0,6358204.0,0.0,7752611.0,1394407.0,1362643.0,4992159.0,ESP,
Week Oct 28 to 1,2024-11-01,6290962.0,424947.0,6466054.0,0.0,7860461.0,1394407.0,1470493.0,4992159.0,ESP,
Week Nov 4 to 8,2024-11-08,6478462.0,424947.0,6653554.0,0.0,8047961.0,1394407.0,1657993.0,4992159.0,ESP,
Week Nov 11 to 15,2024-11-15,6504612.0,424947.0,6679704.0,0.0,8088827.0,1409123.0,1447775.0,5228527.0,ESP,
Week Nov 18 to 22,2024-11-19,6512892.0,424947.0,6685984.0,0.0,8111110.0,1425126.0,542077.0,6143905.0,ESP,
Week Nov 25 to 29,2024-11-26,6593592.0,424947.0,6766684.0,0.0,8222673.0,1455989.0,896802.0,5869882.0,ESP,
Week Dic 2 to 6,2024-12-03,6699092.0,424947.0,6870984.0,0.0,8326973.0,1455989.0,1001102.0,5869882.0,ESP,
Week Dic 9 to 13,2024-12-13,6775752.0,467791.0,6990488.0,0.0,8403633.0,1413145.0,1750616.0,5236427.0,ESP,
Week Dic 16 to 20,2024-12-18,6800758.0,467791.0,7014294.0,0.0,8427439.0,1413145.0,1774422.0,5236427.0,ESP,
Week Dic 23 to 27,2024-12-23,6800758.0,467791.0,7014294.0,0.0,8427439.0,1413145.0,1774422.0,5236427.0,ESP,
Week Dic 30 to 3,2025-01-03,6865764.0,467791.0,7079300.0,0.0,8492445.0,1413145.0,1839428.0,5236427.0,ESP,
Week Jan 6 to 10,2025-01-08,6887388.0,467791.0,7100924.0,0.0,8514069.0,1413145.0,1861052.0,5236427.0,ESP,
Week Jan 13 to 17,2025-01-18,6966388.0,1880936.0,8589598.0,0.0,8589598.0,0.0,8589598.0,0.0,ESP,
Week Jan 20 to 24,2025-01-25,7047415.0,1880936.0,8118925.0,0.0,8118925.0,0.0,8118925.0,0.0,ESP,
Week Jan 27 to 31,2025-01-31,7332982.0,1880936.0,8359154.0,0.0,8359154.0,0.0,8359154.0,0.0,ESP,
Week Feb 3 to 7,2025-02-06,8166982.0,1880936.0,9140154.0,0.0,9140154.0,0.0,9140154.0,0.0,ESP,
Week Feb 10 to 14,2025-02-14,8318612.0,1880936.0,9280284.0,0.0,9280284.0,0.0,9280284.0,0.0,ESP,
Week Feb 17 to 21,2025-02-20,8555052.0,1880936.0,9511724.0,0.0,9511724.0,0.0,9511724.0,0.0,ESP,
Week Feb 24 to 28,2025-02-27,8615055.0,1880936.0,9547727.0,0.0,9547727.0,0.0,9547727.0,0.0,ESP,
Week Mar 3 to 7,2025-03-06,8732607.0,1880936.0,9312469.0,0.0,9312469.0,0.0,9312469.0,0.0,ESP,
Week Mar 10 to 14,2025-03-14,9089107.0,1880936.0,9656969.0,0.0,9656969.0,0.0,9656969.0,0.0,ESP,
Week Mar 17 to 21,2025-03-19,9202637.0,1880936.0,9770499.0,0.0,9770499.0,0.0,9770499.0,0.0,ESP,
Week Mar 24 to 28,2025-03-28,9221003.0,1988096.0,9896025.0,0.0,10230059.0,334034.0,4805816.0,5090209.0,ESP,
Week Mar 31 to 4,2025-04-04,8756394.0,1893566.0,9920416.0,0.0,10254450.0,334034.0,4830207.0,5090209.0,ESP,
Week Abr 7 to 11,2025-04-09,8858878.0,1910085.0,9935900.0,0.0,10269934.0,334034.0,4845691.0,5090209.0,ESP,
Week Abr 14 to 18,2025-04-16,8858878.0,2240601.0,10246416.0,0.0,10543622.0,297206.0,5973986.0,4272430.0,ESP,
Week Abr 21 to 25,2025-04-25,8865878.0,2240601.0,10251916.0,0.0,10549122.0,297206.0,5979486.0,4272430.0,ESP,
Week Abr 28 to 2,2025-05-02,8934678.0,2240601.0,10317916.0,0.0,10615122.0,297206.0,6045486.0,4272430.0,ESP,
Week May 5 to 9,2025-05-07,9045678.0,2240601.0,10371916.0,0.0,10669122.0,297206.0,6099486.0,4272430.0,ESP,
Week May 12 to 16,2025-05-15,9238678.0,2240601.0,10564916.0,0.0,10862122.0,297206.0,6292486.0,4272430.0,ESP,
Week May 19 to 23,2025-05-23,9381178.0,2240601.0,10707416.0,0.0,11166539.0,459123.0,3369403.0,7338015.0,ESP,
Week May 26 to 30,2025-05-30,9444114.0,2240601.0,10754352.0,0.0,11213475.0,459123.0,3416339.0,7338015.0,ESP,
Week Jun 2 to 6,2025-06-06,9562114.0,2240601.0,10870352.0,0.0,11329475.0,459123.0,3532339.0,7338015.0,ESP,
Week Jun 9 to 13,2025-06-11,9661778.0,2240601.0,10970016.0,0.0,11429139.0,459123.0,3632003.0,7338015.0,ESP,
Week Jun 16 to 20,2025-06-19,9661778.0,2240601.0,10939236.0,0.0,11398359.0,459123.0,3601223.0,7338015.0,ESP,
Week Jun 23 to 27,2025-06-25,9835881.0,2240601.0,11092339.0,0.0,11551462.0,459123.0,3754326.0,7338015.0,ESP,
Week Jun 30 to 4,2025-07-04,9904931.0,2369844.0,11287332.0,0.0,12140325.0,852993.0,3476677.0,7810656.0,ESP,
Week Jul 7 to 11,2025-07-10,10003477.0,2369844.0,11385878.0,0.0,12238871.0,852993.0,3575223.0,7810656.0,ESP,
Week Jul 14 to 18,2025-07-17,10061495.0,2369844.0,11383159.0,0.0,12236152.0,852993.0,3572504.0,7810656.0,ESP,
Week Jul 21 to 25,2025-07-24,10089995.0,2369844.0,11380793.0,0.0,12233786.0,852993.0,3570138.0,7810656.0,ESP,
Week Jul 28 to 1,2025-07-31,10089995.0,2369844.0,11380793.0,0.0,12233786.0,852993.0,3570138.0,7810656.0,ESP,
Week Aug 4 to 8,2025-08-08,10305798.0,2369844.0,11595096.0,0.0,12448089.0,852993.0,3784441.0,7810656.0,ESP,
Week Aug 11 to 15,2025-08-17,10551871.0,2369844.0,11831169.0,0.0,12684162.0,852993.0,4020514.0,7810656.0,ESP,
Week Aug 18 to 22,2025-08-22,10554871.0,2369844.0,11801169.0,0.0,12654162.0,852993.0,3990514.0,7810656.0,ESP,
Week Aug 25 to 29,2025-09-01,10584871.0,2369844.0,11831169.0,0.0,12684162.0,852993.0,4020514.0,7810656.0,ESP,
Week Sep 1 to 5,2025-09-04,10614372.0,2369844.0,11856670.0,0.0,12709663.0,852993.0,4046015.0,7810656.0,ESP,
Week Sep 8 to 12,2025-09-12,10614372.0,2369844.0,11856670.0,0.0,12709663.0,852993.0,4046015.0,7810656.0,ESP,
Week Sep 15 to 19,2025-09-18,10630422.0,2369844.0,11867620.0,0.0,12720613.0,852993.0,4056965.0,7810656.0,ESP,
Week Sep 22 to 26,2025-09-25,10858917.0,2369844.0,12096115.0,0.0,12949108.0,852993.0,4285460.0,7810656.0,ESP,
Week Sep 29 to 3,2025-10-03,11100412.0,2369844.0,12328284.0,0.0,13181277.0,852993.0,4517629.0,7810656.0,ESP,
Week Oct 6 to 10,2025-10-10,11100412.0,2369844.0,12274984.0,0.0,13127977.0,852993.0,4464329.0,7810656.0,ESP,
Week Oct 13 to 17,2025-10-16,11228717.0,2369844.0,12381637.0,0.0,13234630.0,852993.0,4570982.0,7810656.0,ESP,
Week Oct 20 to 24,2025-10-24,11311717.0,2369844.0,12449518.0,0.0,13302511.0,852993.0,4638863.0,7810656.0,ESP,
Week Oct 27 to 31,2025-10-31,11522554.0,2369844.0,12660355.0,0.0,13513348.0,852993.0,4849700.0,7810656.0,ESP,
Week Nov 3 to 7,2025-11-07,11588294.0,2369844.0,12725709.0,0.0,13578702.0,852993.0,4915054.0,7810656.0,ESP,
Week Nov 10 to 14,2025-11-13,11822159.0,2369844.0,12941560.0,0.0,13794553.0,852993.0,5130905.0,7810656.0,ESP,
Week Nov 17 to 21,2025-11-20,11871691.0,2369844.0,12991092.0,0.0,13871297.0,880205.0,4461973.0,8529120.0,ESP,
Week Nov 24 to 28,2025-11-28,11871691.0,2369844.0,12988092.0,0.0,13991014.0,1002922.0,974227.0,12013875.1593323,ESP,
Week Dic 1 to 5,2025-12-05,11940856.0,2369844.0,13054257.0,0.0,14057179.0,1002922.0,1040392.0,12013875.1593323,ESP,
Week Dic 8 to 12,2025-12-12,11940856.0,2369844.0,13054257.0,0.0,14057179.0,1002922.0,1040392.0,12013875.1593323,ESP,
Week Dic 15 to 19,2025-12-19,11940856.0,2369844.0,13053257.0,0.0,14056179.0,1002922.0,1039392.0,12013875.1593323,ESP,
Week Dic 22 to 26,2025-12-26,11940856.0,2369844.0,13016978.0,0.0,14434749.0,1417771.0,1003113.0,12013873.0,ESP,
Week Dic 29 to 2,2026-01-02,11924566.0,2369844.0,13018688.0,0.0,14436459.0,1417771.0,1004823.0,12013873.0,ESP,
Week Jan 5 to 9,2026-01-08,11957906.0,2369844.0,13052028.0,0.0,14469799.0,1417771.0,1038163.0,12013873.0,ESP,
Week Jan 12 to 16,2026-01-16,12000406.0,2369844.0,13094528.0,,14512299.0,1417771.0,1080663.0,12013873.0,ESP,3181854.74954224
Week Jan 19 to 23,2026-01-23,12082406.0,3787615.0,14467495.0,,14467495.0,0.0,14467495.0,0.0,ESP,5063351.47180176
Week Jan 26 to 30,2026-01-30,12082406.0,3787615.0,14334256.0,,14334256.0,0.0,14334256.0,0.0,ESP,5063351.47180176
Week Feb 2 to 6,2026-02-06,12100871.0,3787615.0,14340838.0,,14340838.0,0.0,14340838.0,0.0,ESP,5062960.57495117
Week Feb 9 to 13,2026-02-13,12100871.0,3787615.0,14289602.0,,14289602.0,0.0,14289602.0,0.0,ESP,5062960.57495117
Week Feb 16 to 20,2026-02-20,12100871.0,3787615.0,14289602.0,,14289602.0,0.0,14289602.0,0.0,ESP,5062960.57495117
Week Sept 1 to 2,2022-09-02,5041715.5,2809591.0,7360302.5,6356.0,9098600.0,1737053.0,178233.0,7191065.0,INCUBATOR,
Week Sept 5 to 9,2022-09-09,4836141.5,2616710.0,6936847.5,20000.0,8527018.0,1588926.0,223739.0,6722104.0,INCUBATOR,
Week Sept 12 to 16,2022-09-15,4836141.5,2616710.0,6936847.5,626.0,8527018.0,1588926.0,223739.0,6722104.0,INCUBATOR,
Week Sept 19 to 23,2022-09-23,4874514.5,2833581.0,7192717.5,5500.0,8565391.0,1372057.0,1394227.0,5798494.0,INCUBATOR,
Week Sept 26 to 30,2022-09-30,4941514.5,2833581.0,7266759.5,8042.0,8650018.0,1382642.0,1468269.0,5798494.0,INCUBATOR,
Week Oct 3 to 7,2022-10-07,5029282.5,2833581.0,7348297.5,-1730.0,8731556.0,1382642.0,1549807.0,5798494.0,INCUBATOR,
Week Oct 10 a 14,2022-10-14,5071332.5,2833581.0,7377579.5,7500.0,8760838.0,1382642.0,1579089.0,5798494.0,INCUBATOR,
Week Oct 17 to 21,2022-10-21,5195850.5,2833581.0,7505597.5,50000.0,8888177.0,1382642.0,1707107.0,5798494.0,INCUBATOR,
Week Oct 24 to 28,2022-10-28,5225753.5,3153142.0,7839158.5,9904.0,8911349.0,1073522.0,3391941.0,4447215.0,INCUBATOR,
Week Oct 31 to 4,2022-11-04,5227485.5,3153142.0,7833158.5,-6000.0,8901349.0,1072843.0,3391486.0,4441670.0,INCUBATOR,
Week Nov 7 to 11,2022-11-10,5445485.5,3153142.0,8051158.5,299507.0,9418856.0,1372350.0,174889.0,7876267.0,INCUBATOR,
Week Nov 14 to 18,2022-11-18,5458958.5,3153142.0,8064631.5,299507.0,10362329.0,1372350.0,198362.0,7866267.0,INCUBATOR,
Week Nov 21 to 25,2022-11-25,5249603.0,3534539.0,8237383.0,370977.0,9256422.0,1023612.0,2195735.0,6039774.0,INCUBATOR,
Week Nov 28 to 2,2022-12-02,5320712.0,3534539.0,8258151.0,370655.0,9258700.0,1026150.0,2206466.0,6049828.0,INCUBATOR,
Week Dec 5 to 9,2022-12-09,5328712.0,3534539.0,8255297.0,370655.0,9255845.0,1026150.0,2203611.0,6049828.0,INCUBATOR,
Week Dec 12 to 16,2022-12-16,5307685.0,3905194.0,8369075.0,0.0,9019995.0,655495.0,5753837.0,2615231.0,INCUBATOR,
Week Dec 19 to 23,2022-12-22,5398685.0,3905194.0,8427859.0,0.0,9078779.0,655495.0,5812621.0,2615231.0,INCUBATOR,
Week Dec 26 to 30,2022-12-29,5398685.0,3905194.0,8412859.0,0.0,9063779.0,655495.0,5797621.0,2615231.0,INCUBATOR,
Week Jan 2 to 6,2023-01-05,5430685.0,3905194.0,8416859.0,0.0,9067779.0,655495.0,5801621.0,2615231.0,INCUBATOR,
Week Jan 9 to 13,2023-01-12,5455185.0,3905194.0,8437359.0,0.0,9088279.0,655495.0,5822121.0,2615230.0,INCUBATOR,
Week Jan 16 to 20,2023-01-20,5457185.0,3905194.0,8397359.0,0.0,9048279.0,655495.0,5782121.0,2615229.0,INCUBATOR,
Week Jan 23 to 27,2023-01-26,5457185.0,3905194.0,8397359.0,0.0,9048279.0,655495.0,5782121.0,2615229.0,INCUBATOR,
Week Jan 30 to 3,2023-02-03,5467185.0,4560689.0,9061054.0,0.0,9056480.0,0.0,9061054.0,0.0,INCUBATOR,
Week Feb 6 to 10,2023-02-10,5467185.0,4560689.0,9043442.0,0.0,9038868.0,0.0,9051054.0,0.0,INCUBATOR,
Week Feb 13 to 17,2023-02-17,5474685.0,4560689.0,9038552.0,0.0,9038552.0,0.0,9038552.0,0.0,INCUBATOR,
Week Feb 20 to 24,2023-02-24,5474685.0,4560689.0,9037552.0,0.0,9037552.0,0.0,9037552.0,0.0,INCUBATOR,
Week Feb 27 to 3,2023-03-03,5502685.0,4560689.0,9050201.0,0.0,9050201.0,0.0,9050201.0,0.0,INCUBATOR,
Week Mar 6 to 10,2023-03-10,5502685.0,4560689.0,9050201.0,0.0,9050201.0,0.0,9050201.0,0.0,INCUBATOR,
Week Mar 13 to 17,2023-03-17,5618695.0,4560689.0,9161711.0,0.0,9475935.0,314223.0,6487421.0,2674290.0,INCUBATOR,
Week Mar 20 to 24,2023-03-20,5618695.0,4560689.0,9161711.0,0.0,9475935.0,314223.0,6487421.0,2674290.0,INCUBATOR,
Week Mar 27 to 31,2023-03-31,5634195.0,4560689.0,9146562.0,0.0,9487637.0,341074.0,6044778.0,3101784.0,INCUBATOR,
Week Apr 3 to 7,2023-04-03,5634195.0,4560689.0,9146562.0,0.0,9487637.0,341074.0,6044778.0,3101784.0,INCUBATOR,
Week Apr 10 to 14,2023-04-11,5645695.0,4560689.0,9132660.0,0.0,9473335.0,340674.0,6036102.0,3096558.0,INCUBATOR,
Week Apr 17 to 21,2023-04-18,5655695.0,4560689.0,9129660.0,0.0,9470335.0,340674.0,6033102.0,3096558.0,INCUBATOR,
Week Apr 24 to 28,2023-04-25,5655695.0,4560689.0,9129660.0,0.0,9470335.0,340674.0,6033102.0,3096558.0,INCUBATOR,
Week May 1 to 5,2023-05-04,5539685.0,4560689.0,9092970.0,0.0,9429011.0,336040.0,6036143.0,3056827.0,INCUBATOR,
Week May 8 to 12,2023-05-12,5539685.0,4560689.0,9032970.0,0.0,9369011.0,336040.0,5976143.0,3056827.0,INCUBATOR,
Week May 15 to 19,2023-05-19,5526685.0,4535767.0,9017970.0,18319.0,9409422.0,391452.0,2854427.0,6163543.0,INCUBATOR,
Week May 22 to 26,2023-05-24,5526685.0,4566852.0,8708701.0,5483.0,9116925.0,408230.0,2545158.0,6163543.0,INCUBATOR,
Week May 29 to 2,2023-06-01,5526685.0,4612800.0,8754649.0,10353.0,9148392.0,393743.0,2303868.0,6450790.0,INCUBATOR,
Week Jun 5 to 9,2023-06-09,5526685.0,4635034.0,8776883.0,27510.0,9177126.0,400243.0,1128321.0,7623271.0,INCUBATOR,
Week Jun 12 to 16,2023-06-16,5551685.0,4661096.0,8792645.0,,9192888.0,400243.0,1809180.0,6983148.0,INCUBATOR,
Week Jun 19 to 23,2023-06-23,5551685.0,4740320.0,8876771.0,74894.0,9543361.0,666590.0,1508079.0,7368701.0,INCUBATOR,
Week Jun 26 to 30,2023-06-30,5551685.0,4786965.0,8920785.0,0.0,9587375.0,666590.0,1552084.0,7368701.0,INCUBATOR,
Week Jul 3 to 7,2023-07-07,5551685.0,4804062.0,8935382.0,2272.0,9608454.0,673072.0,282496.0,8652886.0,INCUBATOR,
Week Jul 10 to 14,2023-07-14,5551685.0,4848744.0,8978264.0,14610.0,9651336.0,673072.0,325378.0,8652886.0,INCUBATOR,
Week Jul 17 to 21,2023-07-20,5554185.0,4848744.0,8939282.0,556656.0,9069106.0,671002.0,303196.0,8135388.0,INCUBATOR,
Week Jul 24 to 28,2023-07-28,5574185.0,4848744.0,8574097.0,-329827.0,9204619.0,630522.0,438709.0,8135388.0,INCUBATOR,
Week Jul 31 to 4,2023-07-28,5574185.0,4848744.0,8574097.0,-329827.0,9204619.0,630522.0,438709.0,8135388.0,INCUBATOR,
Week Agu 7 to 11,2023-08-09,5574185.0,4974658.0,8700011.0,41172.0,9330533.0,630522.0,564623.0,8135388.0,INCUBATOR,
Week Agu 14 to 18,2023-08-17,5574185.0,4632664.0,8575615.0,41172.0,9206137.0,630522.0,440227.0,8135388.0,INCUBATOR,
Week Agu 21 to 25,2023-08-17,5574185.0,4632664.0,8575615.0,41172.0,9206137.0,630522.0,440227.0,8135388.0,INCUBATOR,
Week Agu 28 to 1,2023-08-31,5621185.0,4632664.0,8662615.0,41172.0,9293137.0,630522.0,527227.0,8135388.0,INCUBATOR,
Week Sep 4 to 8,2023-09-08,5651185.0,4631056.0,8652511.0,0.0,9416807.0,764296.0,1706485.0,6946026.0,INCUBATOR,
Week Sep 11 to 15,2023-09-14,5651185.0,4631056.0,8652511.0,0.0,9389741.0,758781.0,1760015.0,6892496.0,INCUBATOR,
Week Sep 18 to 22,2023-09-21,5604545.0,4855677.0,8845319.0,0.0,9344688.0,499369.0,4886276.0,3959043.0,INCUBATOR,
Week Sep 25 to 29,2023-09-27,5644545.0,4855677.0,8885319.0,0.0,9384688.0,499369.0,4926276.0,3959043.0,INCUBATOR,
Week Oct 2 to 6,2023-10-03,5649335.0,4825789.0,8800250.0,0.0,9361079.0,500829.0,4819487.0,3980763.0,INCUBATOR,
Week Oct 9 to 13,2023-10-11,5777335.0,4825789.0,8927450.0,0.0,9428279.0,500829.0,4951687.0,3980763.0,INCUBATOR,
Week Oct 16 to 20,2023-10-16,5807335.0,4825789.0,8956650.0,0.0,9457479.0,500829.0,4980887.0,3980763.0,INCUBATOR,
Week Oct 23 to 27,2023-10-19,5907335.0,4825789.0,9054350.0,0.0,9555179.0,500829.0,5078587.0,3980763.0,INCUBATOR,
Week Oct 30 to 3,2023-10-19,5907335.0,4825789.0,9054350.0,0.0,9555179.0,500829.0,5078587.0,3980763.0,INCUBATOR,
Week Nov 6 to 10,2023-11-09,5928365.0,5034507.0,9295701.0,0.0,9587909.0,292111.0,7807886.0,1492912.0,INCUBATOR,
Week Nov 13 to 17,2023-11-09,5928365.0,5034507.0,9295701.0,0.0,9587909.0,292111.0,7807886.0,1492912.0,INCUBATOR,
Week Nov 20 to 24,2023-11-21,5968865.0,5060254.0,9341076.0,0.0,10078911.0,737738.0,2258571.0,7087602.0,INCUBATOR,
Week Nov 27 to 1,2023-11-27,5968865.0,5060254.0,9341076.0,0.0,10078911.0,737738.0,2258571.0,7087602.0,INCUBATOR,
Week Dec 4 to 8,2023-12-07,5968865.0,5060608.0,9329630.0,0.0,10066872.0,737145.0,2245577.0,7089150.0,INCUBATOR,
Week Dec 11 to 15,2023-12-15,5968865.0,5060608.0,9329630.0,0.0,10066872.0,737145.0,2245577.0,7089150.0,INCUBATOR,
Week Dec 18 to 22,2023-12-22,5958865.0,5217880.0,9486902.0,0.0,10224144.0,737145.0,2402849.0,7089150.0,INCUBATOR,
Week Dec 25 to 29,2023-12-29,5958865.0,5217880.0,9459902.0,0.0,10197144.0,737145.0,2375849.0,7089150.0,INCUBATOR,
Week Jan 1 to 5,2024-01-05,5958865.0,5217880.0,9459902.0,0.0,10197144.0,737145.0,2375849.0,7089150.0,INCUBATOR,
Week Jan 8 to 12,2024-01-11,5958865.0,5270339.0,9512361.0,0.0,10397059.0,884598.0,2428308.0,7089150.0,INCUBATOR,
Week Jan 15 to 19,2024-01-19,5958865.0,5270339.0,9499769.0,0.0,10384467.0,884598.0,2415716.0,7089150.0,INCUBATOR,
Week Jan 22 to 26,2024-01-25,5958865.0,5266541.0,9477971.0,0.0,10361381.0,883310.0,2431353.0,7073801.0,INCUBATOR,
Week Jan 29 to 2,2024-01-30,5958865.0,5557459.0,9768889.0,0.0,10361381.0,592392.0,5062975.0,4551080.0,INCUBATOR,
Week Jan 29 to 2,2024-02-01,5958865.0,5618114.0,9829544.0,0.0,10851921.0,1022274.0,5267407.0,4562137.0,INCUBATOR,
Week Feb 5 to 9,2024-02-09,5958865.0,5618114.0,9820359.0,0.0,10842736.0,1022274.0,5260107.0,4562137.0,INCUBATOR,
Week Feb 12 to 16,2024-02-16,5983865.0,5618114.0,9829359.0,0.0,10851736.0,1022274.0,5269107.0,4562137.0,INCUBATOR,
Week Feb 19 to 23,2024-02-21,5983865.0,5618338.0,9824583.0,0.0,10848523.0,1023837.0,5230522.0,4595946.0,INCUBATOR,
Week Feb 26 to 1,2024-03-01,6022365.0,5610493.0,9851638.0,0.0,10873819.0,1022079.0,5270452.0,4584516.0,INCUBATOR,
Week Mar 4 to 8,2024-03-08,6021365.0,5610493.0,9827809.0,0.0,10849990.0,1022079.0,5246623.0,4584516.0,INCUBATOR,
Week Mar 11 to 15,2024-03-14,6021365.0,5610493.0,9819809.0,0.0,10841990.0,1022079.0,5238623.0,4584516.0,INCUBATOR,
Week Mar 18 to 22,2024-03-22,6053365.0,5750492.0,9991808.0,0.0,11538086.0,1546278.0,4166181.0,5828957.0,INCUBATOR,
Week Mar 25 to 29,2024-03-28,6053365.0,5767889.0,9988808.0,0.0,11709326.0,1720518.0,2030929.0,7916832.0,INCUBATOR,
Week Apr 1 to 5,2024-04-05,6078365.0,5767889.0,10011808.0,0.0,11732326.0,1720518.0,2053929.0,7916832.0,INCUBATOR,
Week Apr 8 to 12,2024-04-12,6100365.0,5767889.0,10033808.0,0.0,11754326.0,1720518.0,2075929.0,7916832.0,INCUBATOR,
Week Apr 15 to 19,2024-04-19,6142865.0,5753332.0,10031481.0,0.0,11751999.0,1720518.0,2118429.0,7916832.0,INCUBATOR,
Week Apr 22 to 26,2024-04-26,6142865.0,5753332.0,10031481.0,0.0,11751999.0,1720518.0,2118429.0,7916832.0,INCUBATOR,
Week Apr 29 to 3,2024-05-03,6142865.0,5753332.0,10027505.0,0.0,11748023.0,1720518.0,2114453.0,7916832.0,INCUBATOR,
Week May 6 to 10,2024-05-10,6142865.0,5753332.0,9982493.0,0.0,11703011.0,1720518.0,2069441.0,7916832.0,INCUBATOR,
Week May 13 to 17,2024-05-17,6142865.0,5753332.0,9961493.0,0.0,11682011.0,1720518.0,2048441.0,7916832.0,INCUBATOR,
Week May 20 to 24,2024-05-24,6142865.0,5822634.0,10026750.0,0.0,12555560.0,2528810.0,2127113.0,7903417.0,INCUBATOR,
Week May 27 to 31,2024-05-31,6142865.0,5822634.0,10015750.0,0.0,12781674.0,2765924.0,2649808.0,7377767.0,INCUBATOR,
Week Jun 3 to 7,2024-06-07,6224865.0,5854413.0,10128517.0,0.0,13237980.0,3109463.0,1254351.0,8878991.0,INCUBATOR,
Week Jun 10 to 15,2024-06-17,6194865.0,5845196.0,10126164.0,0.0,13235627.0,3109463.0,1251998.0,8878991.0,INCUBATOR,
Week Jun 17 to 21,2024-06-21,6194865.0,5845196.0,10101164.0,0.0,13210627.0,3109463.0,1226998.0,8878991.0,INCUBATOR,
Week Jun 24 to 28,2024-06-28,6194865.0,5905900.0,10001668.0,0.0,13118981.0,3117313.0,1127502.0,8878991.0,INCUBATOR,
Week Jul 1 to 5,2024-07-05,6204865.0,5905900.0,10003668.0,0.0,13120981.0,3117313.0,1129502.0,8878991.0,INCUBATOR,
Week Jul 8 to 12,2024-07-11,6234865.0,5905900.0,10024668.0,0.0,13451134.0,3426466.0,1150502.0,8878991.0,INCUBATOR,
Week Jul 15 to 19,2024-07-19,6262865.0,5905900.0,10050371.0,0.0,13476837.0,3426466.0,1176205.0,8878991.0,INCUBATOR,
Week Jul 22 to 26,2024-07-26,6262865.0,5905900.0,10050371.0,0.0,13476837.0,3426466.0,1176205.0,8878991.0,INCUBATOR,
Week Jul 29 to 2,2024-08-01,6277865.0,5905900.0,10059765.0,0.0,13486231.0,3426466.0,1185599.0,8878991.0,INCUBATOR,
Week Aug 5 to 9,2024-08-07,6277865.0,5905900.0,10053865.0,0.0,13480331.0,3426466.0,1179699.0,8878991.0,INCUBATOR,
Week Aug 12 to 16,2024-08-14,6318809.0,5905900.0,10094809.0,0.0,13521275.0,3426466.0,1220643.0,8878991.0,INCUBATOR,
Week Aug 19 to 23,2024-08-22,6318809.0,5905900.0,10075309.0,0.0,13501775.0,3426466.0,1201143.0,8878991.0,INCUBATOR,
Week Aug 26 to 30,2024-08-29,6318809.0,5905900.0,10072909.0,0.0,13499375.0,3426466.0,1198743.0,8878991.0,INCUBATOR,
Week Sep 2 to 6,2024-09-06,6333809.0,5905900.0,10077909.0,0.0,13504375.0,3426466.0,1203743.0,8878991.0,INCUBATOR,
Week Sep 9 to 13,2024-09-13,6218322.0,5890566.0,10113327.0,0.0,13539793.0,3426466.0,1239161.0,8878991.0,INCUBATOR,
Week Sep 16 to 20,2024-09-20,6218322.0,5890566.0,10113327.0,0.0,13539793.0,3426466.0,1239161.0,8878991.0,INCUBATOR,
Week Sep 23 to 27,2024-09-26,6353856.0,5890566.0,10246861.0,0.0,13673327.0,3426466.0,1372695.0,8878991.0,INCUBATOR,
Week Sep 30 to 4,2024-10-04,6353856.0,5890566.0,10230984.0,0.0,13656560.0,3425576.0,1370580.0,8864184.0,INCUBATOR,
Week Oct 7 to 11,2024-10-10,6378856.0,5890566.0,10254584.0,0.0,13680160.0,3425576.0,1394180.0,8864184.0,INCUBATOR,
Week Oct 14 to 18,2024-10-17,6494856.0,5890566.0,10370584.0,0.0,13796160.0,3425576.0,1510180.0,8864184.0,INCUBATOR,
Week Oct 21 to 25,2024-10-22,6536379.0,5890566.0,10412107.0,0.0,13837683.0,3425576.0,1551703.0,8864184.0,INCUBATOR,
Week Oct 21 to 25,2024-10-25,6536379.0,5890566.0,10412107.0,0.0,13837683.0,3425576.0,1551703.0,8864184.0,INCUBATOR,
Week Oct 28 to 1,2024-11-01,6542577.0,5890566.0,10417005.0,0.0,13842581.0,3425576.0,1556601.0,8864184.0,INCUBATOR,
Week Nov 4 to 8,2024-11-08,6542577.0,5890566.0,10417005.0,0.0,13842581.0,3425576.0,1556601.0,8864184.0,INCUBATOR,
Week Nov 11 to 15,2024-11-15,6542577.0,5890566.0,10417005.0,0.0,13842581.0,3425576.0,1556601.0,8864184.0,INCUBATOR,
Week Nov 18 to 22,2024-11-19,6542577.0,5890566.0,10415305.0,0.0,13863902.0,3448597.0,580251.0,9838835.0,INCUBATOR,
Week Nov 25 to 29,2024-11-26,6542577.0,5890566.0,10415305.0,0.0,13913050.0,3497745.0,835557.0,9579748.0,INCUBATOR,
Week Dic 2 to 6,2024-12-03,6542577.0,5890566.0,10415305.0,0.0,13913050.0,3497745.0,835557.0,9579748.0,INCUBATOR,
Week Dic 9 to 13,2024-12-13,6542577.0,5959386.0,10481570.0,0.0,13910495.0,3428925.0,1619721.0,8864184.0,INCUBATOR,
Week Dic 16 to 20,2024-12-18,6542577.0,5959386.0,10458570.0,0.0,13887495.0,3428925.0,1596721.0,8864184.0,INCUBATOR,
Week Dic 23 to 27,2024-12-23,6542577.0,5959386.0,10452909.0,0.0,13881834.0,3428925.0,1591060.0,8864184.0,INCUBATOR,
Week Dic 30 to 3,2025-01-03,6542577.0,5959386.0,10452909.0,0.0,13881834.0,3428925.0,1591060.0,8864184.0,INCUBATOR,
Week Jan 6 to 10,2025-01-08,6542577.0,5959386.0,10427909.0,0.0,13856834.0,3428925.0,1566060.0,8864184.0,INCUBATOR,
Week Jan 13 to 17,2025-01-18,6544627.0,9388311.0,13858884.0,0.0,13858884.0,0.0,13858884.0,0.0,INCUBATOR,
Week Jan 20 to 24,2025-01-25,6548397.0,9388311.0,13393722.0,0.0,13393722.0,0.0,13393722.0,0.0,INCUBATOR,
Week Jan 27 to 31,2025-01-31,6588397.0,9388311.0,13350314.0,0.0,13350314.0,0.0,13350314.0,0.0,INCUBATOR,
Week Feb 3 to 7,2025-02-06,7012397.0,9388311.0,13682434.0,0.0,13682434.0,0.0,13682434.0,0.0,INCUBATOR,
Week Feb 10 to 14,2025-02-14,7147315.0,9388311.0,13774152.0,0.0,13774152.0,0.0,13774152.0,0.0,INCUBATOR,
Week Feb 17 to 21,2025-02-20,7156315.0,9388311.0,13754352.0,0.0,13754352.0,0.0,13754352.0,0.0,INCUBATOR,
Week Feb 24 to 28,2025-02-27,7174315.0,9388311.0,13708276.0,0.0,13708276.0,0.0,13708276.0,0.0,INCUBATOR,
Week Mar 3 to 7,2025-03-06,7174315.0,9388311.0,13704276.0,0.0,13704276.0,0.0,13704276.0,0.0,INCUBATOR,
Week Mar 10 to 14,2025-03-14,7344315.0,9388311.0,13836266.0,0.0,13836266.0,0.0,13836266.0,0.0,INCUBATOR,
Week Mar 17 to 21,2025-03-19,7344315.0,9388311.0,13833766.0,0.0,13833766.0,0.0,13833766.0,0.0,INCUBATOR,
Week Mar 24 to 28,2025-03-28,7446502.0,9538443.0,14086085.0,0.0,14554047.0,467962.0,6839389.0,7246696.0,INCUBATOR,
Week Mar 31 to 4,2025-04-04,7351952.0,9431764.0,14083085.0,0.0,14551047.0,467962.0,6836389.0,7246696.0,INCUBATOR,
Week Abr 7 to 11,2025-04-09,7359952.0,9431764.0,14084585.0,0.0,14552547.0,467962.0,6839106.0,7245479.0,INCUBATOR,
Week Abr 14 to 18,2025-04-16,7359952.0,9892593.0,14541914.0,0.0,14956297.0,414383.0,8485540.0,6056374.0,INCUBATOR,
Week Abr 21 to 25,2025-04-25,7359952.0,9892593.0,14541914.0,0.0,14956297.0,414383.0,8485540.0,6056374.0,INCUBATOR,
Week Abr 28 to 2,2025-05-02,7359952.0,9892593.0,14540414.0,0.0,14954797.0,414383.0,8484040.0,6056374.0,INCUBATOR,
Week May 5 to 9,2025-05-07,7359952.0,9892593.0,14507414.0,0.0,14921797.0,414383.0,8451040.0,6056374.0,INCUBATOR,
Week May 12 to 16,2025-05-15,7362952.0,9892593.0,14510414.0,0.0,14924797.0,414383.0,8454040.0,6056374.0,INCUBATOR,
Week May 19 to 23,2025-05-23,7372952.0,9892593.0,14490214.0,0.0,15125075.0,634861.0,4332932.0,10157280.0,INCUBATOR,
Week May 26 to 30,2025-05-30,7372952.0,9892593.0,14486214.0,0.0,15121075.0,634861.0,4328932.0,10157280.0,INCUBATOR,
Week Jun 2 to 6,2025-06-06,7378846.0,9892593.0,14488308.0,0.0,15123169.0,634861.0,4331026.0,10157280.0,INCUBATOR,
Week Jun 9 to 13,2025-06-11,7378846.0,9892593.0,14486108.0,0.0,15120969.0,634861.0,4328826.0,10157280.0,INCUBATOR,
Week Jun 16 to 20,2025-06-19,7378846.0,9892593.0,14477008.0,0.0,15111869.0,634861.0,4319726.0,10157280.0,INCUBATOR,
Week Jun 23 to 27,2025-06-25,7393846.0,9892593.0,14487008.0,0.0,15121869.0,634861.0,4329726.0,10157280.0,INCUBATOR,
Week Jun 30 to 4,2025-07-04,7418846.0,10058021.0,14647936.0,0.0,15786966.0,1139030.0,4510188.0,10137746.0,INCUBATOR,
Week Jul 7 to 11,2025-07-10,7418846.0,10058021.0,14647936.0,0.0,15786966.0,1139030.0,4510188.0,10137746.0,INCUBATOR,
Week Jul 14 to 18,2025-07-17,7418846.0,10058021.0,14630736.0,0.0,15769766.0,1139030.0,4492988.0,10137746.0,INCUBATOR,
Week Jul 21 to 25,2025-07-24,7418846.0,10058021.0,14630736.0,0.0,15769766.0,1139030.0,4492988.0,10137746.0,INCUBATOR,
Week Jul 28 to 1,2025-07-31,7418846.0,10058021.0,14630736.0,0.0,15769766.0,1139030.0,4492988.0,10137746.0,INCUBATOR,
Week Aug 4 to 8,2025-08-08,7418846.0,10058021.0,14613236.0,0.0,15752266.0,1139030.0,4475488.0,10137746.0,INCUBATOR,
Week Aug 11 to 15,2025-08-17,7418846.0,10058021.0,14593236.0,0.0,15732266.0,1139030.0,4455488.0,10137746.0,INCUBATOR,
Week Aug 18 to 22,2025-08-22,7433846.0,10058021.0,14577336.0,0.0,15716366.0,1139030.0,4439588.0,10137746.0,INCUBATOR,
Week Aug 25 to 29,2025-09-01,7433846.0,10058021.0,14577336.0,0.0,15716366.0,1139030.0,4439588.0,10137746.0,INCUBATOR,
Week Sep 1 to 5,2025-09-04,7433846.0,10058021.0,14517301.0,0.0,15656331.0,1139030.0,4379553.0,10137746.0,INCUBATOR,
Week Sep 8 to 12,2025-09-12,7433846.0,10058021.0,14517301.0,0.0,15656331.0,1139030.0,4379553.0,10137746.0,INCUBATOR,
Week Sep 15 to 19,2025-09-18,7433846.0,10058021.0,14494301.0,0.0,15633331.0,1139030.0,4356553.0,10137746.0,INCUBATOR,
Week Sep 22 to 26,2025-09-25,7438846.0,10058021.0,14496101.0,0.0,15635131.0,1139030.0,4358353.0,10137746.0,INCUBATOR,
Week Sep 29 to 3,2025-10-03,7438846.0,10058021.0,14492101.0,0.0,15631131.0,1139030.0,4354353.0,10137746.0,INCUBATOR,
Week Oct 6 to 10,2025-10-10,7438846.0,10058021.0,14485301.0,0.0,15624331.0,1139030.0,4347553.0,10137746.0,INCUBATOR,
Week Oct 13 to 17,2025-10-16,7447846.0,10058021.0,14490801.0,0.0,15629831.0,1139030.0,4353053.0,10137746.0,INCUBATOR,
Week Oct 20 to 24,2025-10-24,7447846.0,10058021.0,14464801.0,0.0,15603831.0,1139030.0,4327053.0,10137746.0,INCUBATOR,
Week Oct 27 to 31,2025-10-31,7447846.0,10058021.0,14464801.0,0.0,15603831.0,1139030.0,4327053.0,10137746.0,INCUBATOR,
Week Nov 3 to 7,2025-11-07,7447846.0,10058021.0,14463856.0,0.0,15602886.0,1139030.0,4326108.0,10137746.0,INCUBATOR,
Week Nov 10 to 14,2025-11-13,7471919.0,10058021.0,14487929.0,0.0,15626959.0,1139030.0,4350181.0,10137746.0,INCUBATOR,
Week Nov 17 to 21,2025-11-20,7471919.0,10058021.0,14484179.0,0.0,15645904.0,1161725.0,3737936.0,10746242.0,INCUBATOR,
Week Nov 24 to 28,2025-11-28,7471919.0,10058021.0,14484179.0,0.0,15747683.0,1263504.0,810859.0,13673321.8367834,INCUBATOR,
Week Dic 1 to 5,2025-12-05,7471919.0,10058021.0,14479179.0,0.0,15742683.0,1263504.0,805859.0,13673321.8367834,INCUBATOR,
Week Dic 8 to 12,2025-12-12,7471919.0,10058021.0,14457761.0,0.0,15721265.0,1263504.0,784441.0,13673321.8367834,INCUBATOR,
Week Dic 15 to 19,2025-12-19,7471919.0,10058021.0,14457761.0,0.0,15721265.0,1263504.0,784441.0,13673321.8367834,INCUBATOR,
Week Dic 22 to 26,2025-12-26,7471919.0,10058021.0,14457761.0,0.0,16184397.0,1726636.0,784441.0,13673320.0,INCUBATOR,
Week Dic 29 to 2,2026-01-02,7471919.0,10058021.0,14456466.0,0.0,16183102.0,1726636.0,783146.0,13673320.0,INCUBATOR,
Week Jan 5 to 9,2026-01-08,7492778.0,10058021.0,14477325.0,0.0,16203961.0,1726636.0,804005.0,13673320.0,INCUBATOR,
Week Jan 12 to 16,2026-01-16,7829661.0,10058021.0,14814208.0,,16540844.0,1726636.0,1140888.0,13673320.0,INCUBATOR,13959288.260376
Week Jan 19 to 23,2026-01-23,7829661.0,11784657.0,16455841.0,,16455841.0,0.0,16455841.0,0.0,INCUBATOR,16300135.9352722
Week Jan 26 to 30,2026-01-30,7829661.0,11784657.0,15857513.0,,15857513.0,0.0,15857513.0,0.0,INCUBATOR,16300135.9352722
Week Feb 2 to 6,2026-02-06,7829661.0,11784657.0,15827513.0,,15827513.0,0.0,15827513.0,0.0,INCUBATOR,16300135.9352722
Week Feb 9 to 13,2026-02-13,7829661.0,11784657.0,15827513.0,,15827513.0,0.0,15827513.0,0.0,INCUBATOR,16300135.9352722
Week Feb 16 to 20,2026-02-20,7829661.0,11784657.0,15827513.0,,15827513.0,0.0,15827513.0,0.0,INCUBATOR,16300135.9352722
Week Nov 27 to 1,2023-11-27,470000.0,0.0,470000.0,0.0,497449.0,27449.0,11806.0,458594.0,INS,
Week Dec 4 to 8,2023-12-05,470000.0,0.0,470000.0,0.0,497449.0,27449.0,11806.0,458594.0,INS,
Week Dec 11 to 15,2023-12-15,470000.0,0.0,470000.0,0.0,497449.0,27449.0,11806.0,458594.0,INS,
Week Feb 5 to 9,2024-02-09,470000.0,4075.0,507158.0,0.0,535632.0,28475.0,235493.0,271664.8379,INS,
Week Feb 12 to 16,2024-02-16,470000.0,4075.0,507158.0,0.0,535632.0,28475.0,235493.0,271664.837890625,INS,
Week Feb 19 to 23,2024-02-21,470000.0,4075.0,507158.0,0.0,535632.0,28475.0,235493.0,271664.837890625,INS,
Week Feb 26 to 1,2024-03-01,470000.0,4075.0,507158.0,0.0,535632.0,28475.0,235493.0,271664.837890625,INS,
Week Mar 4 to 8,2024-03-08,470000.0,4075.0,507158.0,0.0,535632.0,28475.0,235493.0,271664.837890625,INS,
Week Mar 11 to 15,2024-03-14,470000.0,4075.0,507158.0,0.0,535632.0,28475.0,235493.0,271664.837890625,INS,
Week Mar 18 to 22,2024-03-22,470000.0,46523.0,516523.0,0.0,579996.0,63473.0,188540.0,327983.0,INS,
Week Mar 25 to 29,2024-03-28,470000.0,46523.0,516523.0,0.0,591500.0,74977.0,92385.0,424138.0,INS,
Week Apr 1 to 5,2024-04-05,470000.0,46523.0,516523.0,0.0,591500.0,74977.0,92385.0,424138.0,INS,
Week Apr 8 to 12,2024-04-12,470000.0,46523.0,516523.0,0.0,591500.0,74977.0,92385.0,424138.0,INS,
Week Apr 15 to 19,2024-04-19,470000.0,46523.0,516523.0,0.0,591500.0,74977.0,92385.0,424138.0,INS,
Week Apr 22 to 26,2024-04-26,470000.0,46523.0,516523.0,0.0,591500.0,74977.0,92385.0,424138.0,INS,
Week Apr 29 to 3,2024-05-03,470000.0,46523.0,516523.0,0.0,591500.0,74977.0,92385.0,424138.0,INS,
Week May 6 to 10,2024-05-10,470000.0,46523.0,516523.0,0.0,591500.0,74977.0,92385.0,424138.0,INS,
Week May 13 to 17,2024-05-17,470000.0,46523.0,516523.0,0.0,591500.0,74977.0,92385.0,424138.0,INS,
Week May 20 to 24,2024-05-24,470000.0,50686.0,520686.0,0.0,644400.0,123714.0,96548.0,424138.0,INS,
Week May 27 to 31,2024-05-31,470000.0,50686.0,520686.0,0.0,658655.0,137969.0,125428.0,395258.0,INS,
Week Jun 3 to 7,2024-06-07,470000.0,50686.0,520686.0,0.0,677097.0,156411.0,59187.0,461499.0,INS,
Week Jun 10 to 17,2024-06-17,470000.0,50686.0,520686.0,0.0,677097.0,156411.0,59187.0,461499.0,INS,
Week Jun 17 to 21,2024-06-21,470000.0,50686.0,520686.0,0.0,677097.0,156411.0,59187.0,461499.0,INS,
Week Jun 24 to 28,2024-06-28,470000.0,54218.0,524218.0,0.0,681548.0,157330.0,62719.0,461499.0,INS,
Week Jul 1 to 5,2024-07-05,470000.0,54218.0,524218.0,0.0,681548.0,157330.0,62719.0,461499.0,INS,
Week Jul 8 to 12,2024-07-11,470000.0,54218.0,524218.0,0.0,699522.0,175304.0,62719.0,461499.0,INS,
Week Jul 15 to 19,2024-07-19,470000.0,54218.0,524218.0,0.0,699522.0,175304.0,62719.0,461499.0,INS,
Week Jul 22 to 26,2024-07-26,470000.0,54218.0,524218.0,0.0,699522.0,175304.0,62719.0,461499.0,INS,
Week Jul 29 to 2,2024-08-01,470000.0,54218.0,524218.0,0.0,699522.0,175304.0,62719.0,461499.0,INS,
Week Aug 5 to 9,2024-08-07,470000.0,54218.0,524218.0,0.0,699522.0,175304.0,62719.0,461499.0,INS,
Week Aug 12 to 16,2024-08-14,470000.0,54218.0,524218.0,0.0,699522.0,175304.0,62719.0,461499.0,INS,
Week Aug 19 to 23,2024-08-22,470000.0,54218.0,524218.0,0.0,699522.0,175304.0,62719.0,461499.0,INS,
Week Aug 26 to 30,2024-08-29,470000.0,54218.0,524218.0,0.0,699522.0,175304.0,62719.0,461499.0,INS,
Week Sep 2 to 6,2024-09-06,470000.0,54218.0,524218.0,0.0,699522.0,175304.0,62719.0,461499.0,INS,
Week Sep 9 to 13,2024-09-13,470000.0,54218.0,524218.0,0.0,699522.0,175304.0,62719.0,461499.0,INS,
Week Sep 16 to 20,2024-09-20,470000.0,54218.0,524218.0,0.0,699522.0,175304.0,62719.0,461499.0,INS,
Week Sep 23 to 27,2024-09-26,470000.0,54218.0,524218.0,0.0,699522.0,175304.0,62719.0,461499.0,INS,
Week Sep 30 to 4,2024-10-04,470000.0,54218.0,524218.0,0.0,699522.0,175304.0,62719.0,461499.0,INS,
Week Oct 7 to 11,2024-10-10,470000.0,54218.0,524218.0,0.0,699522.0,175304.0,62719.0,461499.0,INS,
Week Oct 14 to 18,2024-10-17,470000.0,54218.0,524218.0,0.0,699522.0,175304.0,62719.0,461499.0,INS,
Week Oct 21 to 25,2024-10-22,470000.0,54218.0,524218.0,0.0,699522.0,175304.0,62719.0,461499.0,INS,
Week Oct 21 to 25,2024-10-25,470000.0,54218.0,524218.0,0.0,699522.0,175304.0,62719.0,461499.0,INS,
Week Oct 28 to 1,2024-11-01,470000.0,54218.0,524218.0,0.0,699522.0,175304.0,62719.0,461499.0,INS,
Week Nov 4 to 8,2024-11-08,470000.0,54218.0,524218.0,0.0,699522.0,175304.0,62719.0,461499.0,INS,
Week Nov 11 to 15,2024-11-15,470000.0,54218.0,524218.0,0.0,699522.0,175304.0,62719.0,461499.0,INS,
Week Nov 18 to 22,2024-11-19,470000.0,54218.0,524218.0,0.0,700652.0,176434.0,24460.0,499758.0,INS,
Week Nov 25 to 29,2024-11-26,470000.0,54218.0,524218.0,0.0,703439.0,179221.0,35222.0,488996.0,INS,
Week Dic 2 to 6,2024-12-03,470000.0,54218.0,524218.0,0.0,703439.0,179221.0,35222.0,488996.0,INS,
Week Dic 9 to 13,2024-12-13,470000.0,58135.0,528135.0,0.0,703439.0,175304.0,66636.0,461499.0,INS,
Week Dic 16 to 20,2024-12-18,470000.0,58135.0,528135.0,0.0,703439.0,175304.0,66636.0,461499.0,INS,
Week Dic 23 to 27,2024-12-23,470000.0,58135.0,528135.0,0.0,703439.0,175304.0,66636.0,461499.0,INS,
Week Dic 30 to 3,2025-01-03,470000.0,58135.0,528135.0,0.0,703439.0,175304.0,66636.0,461499.0,INS,
Week Jan 6 to 10,2025-01-08,470000.0,58135.0,528135.0,0.0,703439.0,175304.0,66636.0,461499.0,INS,
Week Jan 13 to 17,2025-01-18,470000.0,233439.0,703439.0,0.0,703439.0,0.0,703439.0,0.0,INS,
Week Jan 20 to 24,2025-01-25,470000.0,233439.0,703439.0,0.0,703439.0,0.0,703439.0,0.0,INS,
Week Jan 27 to 31,2025-01-31,470000.0,233439.0,703439.0,0.0,703439.0,0.0,703439.0,0.0,INS,
Week Feb 3 to 7,2025-02-06,470000.0,233439.0,703439.0,0.0,703439.0,0.0,703439.0,0.0,INS,
Week Feb 10 to 14,2025-02-14,470000.0,233439.0,703439.0,0.0,703439.0,0.0,703439.0,0.0,INS,
Week Feb 17 to 21,2025-02-20,470000.0,233439.0,703439.0,0.0,703439.0,0.0,703439.0,0.0,INS,
Week Feb 24 to 28,2025-02-27,470000.0,233439.0,703439.0,0.0,703439.0,0.0,703439.0,0.0,INS,
Week Mar 3 to 7,2025-03-06,470000.0,233439.0,703439.0,0.0,703439.0,0.0,703439.0,0.0,INS,
Week Mar 10 to 14,2025-03-14,470000.0,233439.0,703439.0,0.0,703439.0,0.0,703439.0,0.0,INS,
Week Mar 17 to 21,2025-03-19,470000.0,233439.0,703439.0,0.0,703439.0,0.0,703439.0,0.0,INS,
Week Mar 24 to 28,2025-03-28,470000.0,241696.0,711696.0,0.0,737433.0,25737.0,345908.0,365788.0,INS,
Week Mar 31 to 4,2025-04-04,470000.0,241696.0,711696.0,0.0,737433.0,25737.0,345908.0,365788.0,INS,
Week Abr 7 to 11,2025-04-09,470000.0,241696.0,711696.0,0.0,737433.0,25737.0,345908.0,365788.0,INS,
Week Abr 14 to 18,2025-04-16,470000.0,267061.0,737061.0,0.0,759870.0,22809.0,431032.0,306029.0,INS,
Week Abr 21 to 25,2025-04-25,470000.0,267061.0,737061.0,0.0,759870.0,22809.0,431032.0,306029.0,INS,
Week Abr 28 to 2,2025-05-02,470000.0,267061.0,737061.0,0.0,759870.0,22809.0,431032.0,306029.0,INS,
Week May 5 to 9,2025-05-07,470000.0,267061.0,737061.0,0.0,759870.0,22809.0,431032.0,306029.0,INS,
Week May 12 to 16,2025-05-15,470000.0,267061.0,737061.0,0.0,759870.0,22809.0,431032.0,306029.0,INS,
Week May 19 to 23,2025-05-23,470000.0,267061.0,737061.0,0.0,772065.0,35004.0,221118.0,515943.0,INS,
Week May 26 to 30,2025-05-30,470000.0,267061.0,737061.0,0.0,772065.0,35004.0,221118.0,515943.0,INS,
Week Jun 2 to 6,2025-06-06,470000.0,267061.0,737061.0,0.0,772065.0,35004.0,221118.0,515943.0,INS,
Week Jun 9 to 13,2025-06-11,470000.0,267061.0,737061.0,0.0,772065.0,35004.0,221118.0,515943.0,INS,
Week Jun 16 to 20,2025-06-19,470000.0,267061.0,737061.0,0.0,772065.0,35004.0,221118.0,515943.0,INS,
Week Jun 23 to 27,2025-06-25,470000.0,267061.0,737061.0,0.0,772065.0,35004.0,221118.0,515943.0,INS,
Week Jun 30 to 4,2025-07-04,470000.0,276215.0,746215.0,0.0,809117.0,62902.0,230272.0,515943.0,INS,
Week Jul 7 to 11,2025-07-10,470000.0,276215.0,746215.0,0.0,809117.0,62902.0,230272.0,515943.0,INS,
Week Jul 14 to 18,2025-07-17,470000.0,276215.0,746215.0,0.0,809117.0,62902.0,230272.0,515943.0,INS,
Week Jul 21 to 25,2025-07-24,470000.0,276215.0,746215.0,0.0,809117.0,62902.0,230272.0,515943.0,INS,
Week Jul 28 to 1,2025-07-31,470000.0,276215.0,746215.0,0.0,809117.0,62902.0,230272.0,515943.0,INS,
Week Aug 4 to 8,2025-08-08,470000.0,276215.0,746215.0,0.0,809117.0,62902.0,230272.0,515943.0,INS,
Week Aug 11 to 15,2025-08-17,470000.0,276215.0,746215.0,0.0,809117.0,62902.0,230272.0,515943.0,INS,
Week Aug 18 to 22,2025-08-22,470000.0,276215.0,746215.0,0.0,809117.0,62902.0,230272.0,515943.0,INS,
Week Aug 25 to 29,2025-09-01,470000.0,276215.0,746215.0,0.0,809117.0,62902.0,230272.0,515943.0,INS,
Week Sep 1 to 5,2025-09-04,470000.0,276215.0,746215.0,0.0,809117.0,62902.0,230272.0,515943.0,INS,
Week Sep 8 to 12,2025-09-12,470000.0,276215.0,746215.0,0.0,809117.0,62902.0,230272.0,515943.0,INS,
Week Sep 15 to 19,2025-09-18,470000.0,276215.0,746215.0,0.0,809117.0,62902.0,230272.0,515943.0,INS,
Week Sep 22 to 26,2025-09-25,470000.0,276215.0,746215.0,0.0,809117.0,62902.0,230272.0,515943.0,INS,
Week Sep 29 to 3,2025-10-03,470000.0,276215.0,746215.0,0.0,809117.0,62902.0,230272.0,515943.0,INS,
Week Oct 6 to 10,2025-10-10,470000.0,276215.0,746215.0,0.0,809117.0,62902.0,230272.0,515943.0,INS,
Week Oct 13 to 17,2025-10-16,470000.0,276215.0,746215.0,0.0,809117.0,62902.0,230272.0,515943.0,INS,
Week Oct 20 to 24,2025-10-24,470000.0,276215.0,746215.0,0.0,809117.0,62902.0,230272.0,515943.0,INS,
Week Oct 27 to 31,2025-10-31,470000.0,276215.0,746215.0,0.0,809117.0,62902.0,230272.0,515943.0,INS,
Week Nov 3 to 7,2025-11-07,470000.0,276215.0,746215.0,0.0,809117.0,62902.0,230272.0,515943.0,INS,
Week Nov 10 to 14,2025-11-13,470000.0,276215.0,746215.0,0.0,809117.0,62902.0,230272.0,515943.0,INS,
Week Nov 17 to 21,2025-11-20,470000.0,276215.0,746215.0,0.0,810417.0,64202.0,198034.0,548181.0,INS,
Week Nov 24 to 28,2025-11-28,470000.0,276215.0,746215.0,0.0,816248.0,70033.0,42999.0,703215.625,INS,
Week Dic 1 to 5,2025-12-05,470000.0,276215.0,746215.0,0.0,816248.0,70033.0,42999.0,703215.625,INS,
Week Dic 8 to 12,2025-12-12,470000.0,276215.0,746215.0,0.0,816248.0,70033.0,42999.0,703215.625,INS,
Week Dic 15 to 19,2025-12-19,470000.0,276215.0,746215.0,0.0,816248.0,70033.0,42999.0,703215.625,INS,
Week Dic 22 to 26,2025-12-26,470000.0,276215.0,746215.0,0.0,842101.0,95886.0,42999.0,703216.0,INS,
Week Dic 29 to 2,2026-01-02,470000.0,276215.0,746215.0,0.0,842101.0,95886.0,42999.0,703216.0,INS,
Week Jan 5 to 9,2026-01-08,470000.0,276215.0,746215.0,0.0,842101.0,95886.0,42999.0,703216.0,INS,
Week Jan 12 to 16,2026-01-16,470000.0,276215.0,746215.0,,842101.0,95886.0,42999.0,703216.0,INS,345268.75
Week Jan 19 to 23,2026-01-23,470000.0,372101.0,842101.0,,842101.0,0.0,842101.0,0.0,INS,465126.25
Week Jan 26 to 30,2026-01-30,470000.0,372101.0,842101.0,,842101.0,0.0,842101.0,0.0,INS,465126.25
Week Feb 2 to 6,2026-02-06,470000.0,372101.0,842101.0,,842101.0,0.0,842101.0,0.0,INS,465126.25
Week Feb 9 to 13,2026-02-13,470000.0,372101.0,842101.0,,842101.0,0.0,842101.0,0.0,INS,465126.25
Week Feb 16 to 20,2026-02-20,470000.0,372101.0,842101.0,,842101.0,0.0,842101.0,0.0,INS,465126.25
